<?xml version="1.0" encoding="UTF-8"?>
<project-private xmlns="http://www.netbeans.org/ns/project-private/1">
    <editor-bookmarks xmlns="http://www.netbeans.org/ns/editor-bookmarks/2" lastBookmarkId="0"/>
    <open-files xmlns="http://www.netbeans.org/ns/projectui-open-files/2">
        <group>
            <file>file:/Users/TUNGNT/Dropbox/WORKING/FREE-JAVA-EXAMPLES/AbstractQuiz/src/quiz/FillInBlankQuestion.java</file>
            <file>file:/Users/TUNGNT/Dropbox/WORKING/FREE-JAVA-EXAMPLES/AbstractQuiz/src/quiz/OneChoiceQuestion.java</file>
            <file>file:/Users/TUNGNT/Dropbox/WORKING/FREE-JAVA-EXAMPLES/AbstractQuiz/src/quiz/Question.java</file>
        </group>
    </open-files>
</project-private>
